text,label
"This product exceeded my expectations! Amazing quality and fast shipping.",1
"Terrible customer service. Would not recommend to anyone.",0
"The interface is intuitive and easy to navigate. Great user experience.",1
"Product arrived damaged and the return process was complicated.",0
"Outstanding performance and excellent value for money.",1
"The software crashes frequently and has many bugs.",0
"Fantastic support team helped me resolve my issue quickly.",1
"Overpriced for what you get. Better alternatives available.",0
"Love the sleek design and powerful features.",1
"Documentation is unclear and examples don't work.",0
"Best purchase I've made this year! Highly recommended.",1
"The app is slow and unresponsive on my device.",0
"Great product with excellent build quality.",1
"Misleading product description. Not as advertised.",0
"Customer support was helpful and resolved my issue promptly.",1
"The installation process was confusing and time-consuming.",0
"Impressive features and smooth performance.",1
"Poor quality materials that broke after a few uses.",0
"The tutorial videos were very helpful for getting started.",1
"Expensive subscription with limited functionality.",0
"Excellent integration with other tools I use daily.",1
"The user interface is outdated and difficult to use.",0
"Fast delivery and product was exactly as described.",1
"Multiple technical issues that haven't been resolved.",0
"Great value for the price point. Very satisfied.",1
"The mobile app version is buggy and unreliable.",0
"Professional quality with attention to detail.",1
"Customer service was rude and unhelpful.",0
"Easy setup process and clear instructions provided.",1
"The product stopped working after just one week.",0
"Innovative features that solve real problems.",1
"Confusing pricing structure with hidden fees.",0
"Reliable performance and consistent results.",1
"The search functionality doesn't work properly.",0
"Excellent communication throughout the entire process.",1
"Product quality is much lower than expected.",0
"The dashboard is well-designed and informative.",1
"Frequent downtime affects my productivity.",0
"Great community support and active forums.",1
"The refund process was unnecessarily complicated.",0
"Seamless integration and excellent documentation.",1
"The product feels cheap and poorly constructed.",0
"Outstanding customer experience from start to finish.",1
"Limited customization options available.",0
"The analytics features provide valuable insights.",1
"Technical support was slow to respond.",0
"Intuitive design makes it easy for beginners.",1
"The software has compatibility issues with my system.",0
"Excellent training materials and resources provided.",1
"Overcomplicates simple tasks unnecessarily.",0
"The automation features save me hours of work.",1
"Poor performance on mobile devices.",0
"Great collaboration tools for team projects.",1
"The interface is cluttered and confusing.",0
"Responsive customer service team.",1
"The product doesn't deliver on its promises.",0
"Clean, modern interface with great usability.",1
"Frequent bugs and stability issues.",0
"The reporting features are comprehensive and useful.",1
"Difficult to cancel subscription.",0
"Excellent security features give me peace of mind.",1
"The learning curve is too steep for casual users.",0
"Great integration capabilities with existing workflows.",1
"The product arrived later than promised.",0
"The mobile app works flawlessly across devices.",1
"Limited export options for data.",0
"Fantastic user experience with thoughtful design.",1
"The pricing is not competitive compared to alternatives.",0
"Reliable uptime and consistent performance.",1
"The onboarding process was frustrating.",0
"Great customization options to fit my needs.",1
"Poor documentation makes it hard to use effectively.",0
"The support team goes above and beyond.",1
"The product has too many unnecessary features.",0
"Excellent data visualization capabilities.",1
"The interface is slow and unresponsive.",0
"Great value proposition for small businesses.",1
"The trial period is too short to evaluate properly.",0
"The API documentation is clear and comprehensive.",1
"Frequent service outages disrupt my work.",0
"Love the real-time collaboration features.",1
"The product is missing key functionality.",0
"Excellent performance optimization tools.",1
"The user experience is inconsistent across platforms.",0
"Great backup and recovery options.",1
"The customer portal is difficult to navigate.",0
"The notification system keeps me well-informed.",1
"Too many steps required for simple tasks.",0
"Excellent scalability for growing businesses.",1
"The product feels outdated compared to competitors.",0
"Great template library saves time.",1
"The search results are often irrelevant.",0
"The workflow automation is a game-changer.",1
"Limited integration with third-party tools.",0
"Excellent data import/export capabilities.",1
"The mobile version lacks important features.",0
"Great performance monitoring and alerts.",1
"The interface design is not user-friendly.",0
"The collaboration features enhance team productivity.",1
"Slow loading times affect user experience.",0
"Excellent customer onboarding experience.",1
"The product is overengineered for my needs.",0
"Great multi-language support.",1
"The help system is not very helpful.",0
"The dashboard provides excellent visibility.",1
"Frequent crashes during peak usage.",0
"Love the keyboard shortcuts and efficiency features.",1
"The pricing model is confusing and unclear.",0
"Excellent version control and history tracking.",1
"The product lacks essential features.",0
"Great offline capabilities when internet is unavailable.",1
"The user interface is not intuitive.",0
"The customer success team is proactive and helpful.",1
"Poor integration with existing systems.",0
"Excellent data security and privacy controls.",1
"The product is too complex for simple use cases.",0
"Great mobile responsiveness across all devices.",1
"The support documentation is outdated.",0
"The automation rules are flexible and powerful.",1
"Limited customization options available.",0
"Excellent performance analytics and insights.",1
"The product doesn't work as advertised.",0
"Great community of users sharing tips and tricks.",1
"The interface is cluttered with too many options.",0
"The real-time sync works perfectly.",1
"Expensive for the limited functionality provided.",0
"Excellent project management capabilities.",1
"The product has a steep learning curve.",0
"Great integration with popular business tools.",1
"The mobile app crashes frequently.",0
"The customer support response time is impressive.",1
"Poor quality control in recent updates.",0
"Love the clean and minimalist design approach.",1
"The product is missing basic features.",0
"Excellent data backup and disaster recovery.",1
"The user experience is frustrating and slow.",0
"Great flexibility in configuration options.",1
"The product doesn't scale well for larger teams.",0
"The reporting dashboard is comprehensive and clear.",1
"Difficult to find specific features in the interface.",0
"Excellent API performance and reliability.",1
"The product feels incomplete and rushed.",0
"Great customer feedback integration.",1
"The search functionality is broken.",0
"The team collaboration tools are outstanding.",1
"Poor performance during high traffic periods.",0
"Excellent data visualization and charting options.",1
"The product is not worth the subscription cost.",0
"Great cross-platform compatibility.",1
"The interface is outdated and needs modernization.",0
"The automation saves significant time and effort.",1
"Limited export formats available.",0
"Excellent customer training and education resources.",1
"The product has too many bugs to be reliable.",0
"Great integration with cloud storage services.",1
"The mobile experience is poor compared to desktop.",0
"The support team is knowledgeable and responsive.",1
"The product lacks important security features.",0
"Love the intuitive drag-and-drop interface.",1
"The pricing structure is not transparent.",0
"Excellent performance monitoring capabilities.",1
"The product is difficult to set up initially.",0
"Great workflow management and task tracking.",1
"The user interface is confusing and poorly designed.",0
"The customer portal provides excellent self-service options.",1
"Frequent updates break existing functionality.",0
"Excellent data import capabilities from various sources.",1
"The product doesn't integrate well with our existing tools.",0
"Great notification and alert system.",1
"The learning resources are insufficient for beginners.",0
"The collaboration features make teamwork seamless.",1
"Poor customer service response times.",0
"Excellent customization options for advanced users.",1
"The product is too expensive for what it offers.",0
"The product is so cheap.",1